DBSnapshotIdentifier,DBInstanceIdentifier,Region,SnapshotCreateTime,Engine,AllocatedStorage,Status,Tags
awsbackup:job-01a8c207-e03c-1e6a-dd8a-252b1edc0703,aws-ci,us-east-1,2023-05-17 07:26:02.261000+00:00,mysql,20,available,"""env"": ""prod"""
awsbackup:job-036a913a-d9d3-016f-be93-bd38fe357a42,licensing-prod-2,us-east-1,2023-01-25 06:37:57.490000+00:00,mysql,200,available,"""env"": ""prod"""
awsbackup:job-04ef41d5-88dd-8acd-21e3-6f4a13e45fce,licensing-prod,us-east-1,2023-04-08 06:47:34.535000+00:00,mysql,200,available,"""env"": ""prod"""
awsbackup:job-06da9363-5e8d-3ae8-19b4-a636efb96bdb,licensing-prod,us-east-1,2023-07-12 07:45:22.344000+00:00,mysql,200,available,"""env"": ""prod"""
awsbackup:job-07c82d55-88bc-7b02-a526-12df65e1d6e6,aws-ci,us-east-1,2023-02-18 07:05:33.344000+00:00,mysql,20,available,"""env"": ""prod"""
awsbackup:job-083d6e0a-9c1c-0db9-68b1-494539c7dfc1,licensing-prod,us-east-1,2023-02-11 06:41:09.754000+00:00,mysql,200,available,"""env"": ""prod"""
awsbackup:job-08d27e83-7b03-7dc1-8a0a-4e3ce29066a2,licensing-prod,us-east-1,2023-02-15 06:42:09.234000+00:00,mysql,200,available,"""env"": ""prod"""
awsbackup:job-09d343e8-f53f-1348-6875-9822f668defd,licensing-prod,us-east-1,2023-04-19 06:45:23.441000+00:00,mysql,200,available,"""env"": ""prod"""
awsbackup:job-0ace9aa4-ff4f-29da-411b-bdd0884b0e27,licensing-prod,us-east-1,2023-04-01 06:43:11.685000+00:00,mysql,200,available,"""env"": ""prod"""
awsbackup:job-0ae6693b-18a4-3984-438b-8eadfe16b3a9,aws-ni,us-east-1,2023-03-22 07:02:57.253000+00:00,mysql,20,available,"""env"": ""prod"""
awsbackup:job-0af0827e-474e-9613-b1c9-7dd808f26388,licensing-prod,us-east-1,2023-03-11 06:43:53.108000+00:00,mysql,200,available,"""env"": ""prod"""
awsbackup:job-0c0d4236-a4be-4d05-b9fb-181f32c18766,aws-ci,us-east-1,2023-04-08 07:03:20.301000+00:00,mysql,20,available,"""env"": ""prod"""
awsbackup:job-0da5a809-5c2b-51d6-2fb7-be3563b07f64,licensing-prod,us-east-1,2023-03-04 06:41:53.055000+00:00,mysql,200,available,"""env"": ""prod"""
awsbackup:job-0e5ee55a-22df-c510-1213-6243547fdb0b,aws-ni,us-east-1,2023-05-17 07:20:57.048000+00:00,mysql,20,available,"""env"": ""prod"""
awsbackup:job-114bcd77-08f8-7d23-88c8-52df4f50551c,licensing-prod,us-east-1,2023-06-10 08:35:38.228000+00:00,mysql,200,available,"""env"": ""prod"""
awsbackup:job-13b81ed4-42e3-f7ab-7db2-1c1dcad25c87,licensing-prod,us-east-1,2023-06-14 07:40:44.840000+00:00,mysql,200,available,"""env"": ""prod"""
awsbackup:job-13dccf82-6422-89ae-955e-33f73d54f04b,aws-ni,us-east-1,2023-05-03 07:24:52.226000+00:00,mysql,20,available,"""env"": ""prod"""
awsbackup:job-14300ef5-22c1-1da7-dff0-cae546d11f10,aws-ci,us-east-1,2023-03-11 07:09:04.860000+00:00,mysql,20,available,"""env"": ""prod"""
awsbackup:job-15136516-2b8a-52d3-9558-1ea2d763f031,aws-ni,us-east-1,2023-06-24 07:21:46.272000+00:00,mysql,20,available,"""env"": ""prod"""
awsbackup:job-16968913-327b-c2b5-ac42-f4ca14f19cda,licensing-prod,us-east-1,2023-05-20 09:59:59.419000+00:00,mysql,200,available,"""env"": ""prod"""
awsbackup:job-16a6aaf1-7593-4ac0-dc38-0f007942443a,licensing-prod,us-east-1,2023-05-03 07:42:46.892000+00:00,mysql,200,available,"""env"": ""prod"""
awsbackup:job-16cec3d4-f2f7-a23c-4352-18a9556c8870,aws-ni,us-east-1,2023-04-12 07:06:40.764000+00:00,mysql,20,available,"""env"": ""prod"""
awsbackup:job-1935f621-a356-ec95-5560-b37abda43840,aws-ni,us-east-1,2023-06-14 07:25:49.631000+00:00,mysql,20,available,"""env"": ""prod"""
awsbackup:job-1a509466-2c53-01ea-637b-c6ef49ae7c62,licensing-prod,us-east-1,2023-03-01 06:46:21.202000+00:00,mysql,200,available,"""env"": ""prod"""
awsbackup:job-1ade1438-ea13-b646-b6a9-fc8cbe3e8aee,aws-ci,us-east-1,2023-07-01 07:28:55.466000+00:00,mysql,20,available,"""env"": ""prod"""
awsbackup:job-1bffc92c-38bf-7039-6f1d-46f2843d7ed4,licensing-prod,us-east-1,2023-06-07 07:36:42.353000+00:00,mysql,200,available,"""env"": ""prod"""
awsbackup:job-21fa25dd-a5c2-3959-b4f9-3256a9f6626f,aws-ci,us-east-1,2023-07-15 07:34:18.882000+00:00,mysql,20,available,"""env"": ""prod"""
awsbackup:job-23faed63-1f36-4ae0-7a49-0e4fd4bddb4b,aws-ni,us-east-1,2023-02-08 07:03:01.799000+00:00,mysql,20,available,"""env"": ""prod"""
awsbackup:job-2677e056-9188-b42d-a0ed-40c9e876a7c8,licensing-prod,us-east-1,2023-04-22 06:48:37.961000+00:00,mysql,200,available,"""env"": ""prod"""
awsbackup:job-2755d761-8ecd-e558-c165-a63f5b661be5,aws-ni,us-east-1,2023-02-04 06:59:27.815000+00:00,mysql,20,available,"""env"": ""prod"""
awsbackup:job-27567225-b28e-f74c-3e2e-569989f4b79b,aws-ni,us-east-1,2023-04-19 07:05:47.349000+00:00,mysql,20,available,"""env"": ""prod"""
awsbackup:job-2bee584d-36f4-f6f1-998c-30eb8625f6ce,aws-ni,us-east-1,2023-03-11 07:06:34.642000+00:00,mysql,20,available,"""env"": ""prod"""
awsbackup:job-2c076715-e6ec-cb58-68df-f0ee955fa78c,licensing-prod,us-east-1,2023-02-22 06:45:09.664000+00:00,mysql,200,available,"""env"": ""prod"""
awsbackup:job-2c82992d-54c9-d7f4-8014-ad5ed36df44a,aws-ni,us-east-1,2023-06-10 07:26:29.107000+00:00,mysql,20,available,"""env"": ""prod"""
awsbackup:job-2d3d78e8-93ea-4b7e-2b21-fcabdfb863ac,aws-ci,us-east-1,2023-05-06 07:30:18.771000+00:00,mysql,20,available,"""env"": ""prod"""
awsbackup:job-2d7de608-0bc1-5d7e-baae-71c1c94fc648,aws-ci,us-east-1,2023-05-10 07:30:02.234000+00:00,mysql,20,available,"""env"": ""prod"""
awsbackup:job-2d8f8a74-46f0-4d43-7f20-93dc1d0958a1,licensing-prod,us-east-1,2023-07-08 10:28:02.762000+00:00,mysql,200,available,"""env"": ""prod"""
awsbackup:job-2fc48006-e216-3cff-ba67-eceed1a07d4a,aws-ci,us-east-1,2023-02-11 07:02:51.451000+00:00,mysql,20,available,"""env"": ""prod"""
awsbackup:job-320c84c8-dbc3-d117-736d-24aa6b17d871,aws-ci,us-east-1,2023-03-04 07:08:23.460000+00:00,mysql,20,available,"""env"": ""prod"""
awsbackup:job-329c2f21-6855-afc3-4811-2b7ee525b6ed,aws-ci,us-east-1,2023-02-15 07:04:52.546000+00:00,mysql,20,available,"""env"": ""prod"""
awsbackup:job-338e6e06-f6c8-462f-4335-150deb4daf00,aws-ni,us-east-1,2023-07-01 07:22:48.687000+00:00,mysql,20,available,"""env"": ""prod"""
awsbackup:job-351b6895-31a3-0216-701a-68c745e6c2e3,licensing-prod-2,us-east-1,2023-02-08 06:35:49.410000+00:00,mysql,200,available,"""env"": ""prod"""
awsbackup:job-3531b627-3f20-fce4-357d-67b6a146d0ec,aws-ni,us-east-1,2023-07-08 07:23:22.372000+00:00,mysql,20,available,"""env"": ""prod"""
awsbackup:job-35edddd9-de88-4f59-2558-ce30bd4168da,licensing-prod,us-east-1,2023-06-21 07:40:23.073000+00:00,mysql,200,available,"""env"": ""prod"""
awsbackup:job-38522d0e-94f1-25ca-9eb8-126d483b4d44,aws-ci,us-east-1,2023-03-18 07:07:57.235000+00:00,mysql,20,available,"""env"": ""prod"""
awsbackup:job-3890877b-3c98-8093-648e-3f71452e4362,aws-ci,us-east-1,2023-03-22 07:06:29.887000+00:00,mysql,20,available,"""env"": ""prod"""
awsbackup:job-39d04500-5ce4-2057-77f2-9d8a9d73db96,licensing-prod-2,us-east-1,2023-01-28 06:35:04.802000+00:00,mysql,200,available,"""env"": ""prod"""
awsbackup:job-3b2dedcb-65de-99c8-5bbf-65f24b977d2a,licensing-prod,us-east-1,2023-03-08 06:42:27.188000+00:00,mysql,200,available,"""env"": ""prod"""
awsbackup:job-3d6c583e-afe1-3e88-2a49-9f49112f6c38,licensing-prod-2,us-east-1,2023-02-01 06:40:25.778000+00:00,mysql,200,available,"""env"": ""prod"""
awsbackup:job-3d8681f5-0171-0d05-fb9b-8b23345bae31,licensing-prod,us-east-1,2023-05-10 07:40:55.525000+00:00,mysql,200,available,"""env"": ""prod"""
awsbackup:job-4190320f-1d63-9564-1795-7a7640efaa85,aws-ci,us-east-1,2023-05-13 07:32:03.519000+00:00,mysql,20,available,"""env"": ""prod"""
awsbackup:job-42445d54-4987-448e-0bec-6346b568d64c,aws-ci,us-east-1,2023-03-29 07:10:46.337000+00:00,mysql,20,available,"""env"": ""prod"""
awsbackup:job-4424cfa8-2d28-4777-8c0a-a8d1aa92f8e4,aws-ni,us-east-1,2023-04-22 07:01:37.973000+00:00,mysql,20,available,"""env"": ""prod"""
awsbackup:job-44d4db77-e392-7e96-476b-866039268b29,aws-ni,us-east-1,2023-03-08 07:04:41.807000+00:00,mysql,20,available,"""env"": ""prod"""
awsbackup:job-45804ece-be37-a4ab-0f78-df3e2cb20428,aws-ci,us-east-1,2023-06-17 07:28:43.690000+00:00,mysql,20,available,"""env"": ""prod"""
awsbackup:job-478faec8-6073-e476-76b8-ef606d836756,aws-ni,us-east-1,2023-07-05 07:21:57.077000+00:00,mysql,20,available,"""env"": ""prod"""
awsbackup:job-48aff462-6123-90be-b6d5-e4426522bb25,aws-ni,us-east-1,2023-06-07 07:20:58.475000+00:00,mysql,20,available,"""env"": ""prod"""
awsbackup:job-497527c0-9f38-eb7c-fc1c-66f06c991f31,aws-ci,us-east-1,2023-04-15 07:04:51.668000+00:00,mysql,20,available,"""env"": ""prod"""
awsbackup:job-4b64509f-c4db-cb5f-d9d7-5be1d7032be3,aws-ci,us-east-1,2023-07-12 07:31:02.988000+00:00,mysql,20,available,"""env"": ""prod"""
awsbackup:job-4d1f2dd4-c4fe-763d-6272-fce1dc980c43,aws-ci,us-east-1,2023-04-29 07:30:52.668000+00:00,mysql,20,available,"""env"": ""prod"""
awsbackup:job-4ef8dfc7-f8ae-5235-7f80-b0214490d11c,aws-ni,us-east-1,2023-05-24 07:23:52.953000+00:00,mysql,20,available,"""env"": ""prod"""
awsbackup:job-504b6a1e-0e4f-a554-16c0-4dc3a77f7838,aws-ni,us-east-1,2023-04-15 07:03:50.771000+00:00,mysql,20,available,"""env"": ""prod"""
awsbackup:job-525f4037-fa08-1a81-657a-a8bc9d8e94c5,aws-ci,us-east-1,2023-01-21 07:09:20.285000+00:00,mysql,20,available,"""env"": ""prod"""
awsbackup:job-544207ee-5616-e4b5-d389-a638a7d322cf,licensing-prod,us-east-1,2023-06-28 07:39:03.137000+00:00,mysql,200,available,"""env"": ""prod"""
awsbackup:job-550bca01-e5d2-0242-3a70-47188de57a07,licensing-prod,us-east-1,2023-02-18 06:45:26.216000+00:00,mysql,200,available,"""env"": ""prod"""
awsbackup:job-560d4025-39cd-0aa0-af78-5d73beeda5aa,aws-ci,us-east-1,2023-05-20 07:30:23.698000+00:00,mysql,20,available,"""env"": ""prod"""
awsbackup:job-5a1e7462-74fc-cc65-1ad0-286aab192128,aws-ni,us-east-1,2023-03-25 07:03:29.245000+00:00,mysql,20,available,"""env"": ""prod"""
awsbackup:job-5c9edded-fb1c-70db-5b35-c8da627699dd,licensing-prod,us-east-1,2023-03-29 06:47:01.646000+00:00,mysql,200,available,"""env"": ""prod"""
awsbackup:job-5d423e56-b419-ef2d-e277-751304681656,aws-ci,us-east-1,2023-06-03 07:29:19.276000+00:00,mysql,20,available,"""env"": ""prod"""
awsbackup:job-5ddf2b2a-1327-3746-d13c-0cca063d2a6b,aws-ci,us-east-1,2023-05-03 07:30:27.278000+00:00,mysql,20,available,"""env"": ""prod"""
awsbackup:job-5f7f38a7-d997-685a-4347-495086646a76,aws-ci,us-east-1,2023-05-31 07:34:34.148000+00:00,mysql,20,available,"""env"": ""prod"""
awsbackup:job-60c39817-5d6d-1e2f-d431-2026e9192fc6,aws-ci,us-east-1,2023-04-19 07:05:16.209000+00:00,mysql,20,available,"""env"": ""prod"""
awsbackup:job-634f9738-3a9d-8377-6a4b-176062d9e592,aws-ni,us-east-1,2023-02-11 07:00:18.705000+00:00,mysql,20,available,"""env"": ""prod"""
awsbackup:job-6383f1b1-f39f-9653-d6c7-04fcf345d0ca,licensing-prod,us-east-1,2023-05-24 07:38:56.351000+00:00,mysql,200,available,"""env"": ""prod"""
awsbackup:job-663f47ed-99d4-cd58-24ab-7ed2aaaf7c23,aws-ci,us-east-1,2023-06-07 07:32:13.111000+00:00,mysql,20,available,"""env"": ""prod"""
awsbackup:job-66b56dde-e184-49b4-95b8-e9cbca255ec8,licensing-prod,us-east-1,2023-05-13 08:34:53.908000+00:00,mysql,200,available,"""env"": ""prod"""
awsbackup:job-67545cbc-6de7-d170-46a0-a7a976ea7d5e,aws-ni,us-east-1,2023-05-13 07:22:54.163000+00:00,mysql,20,available,"""env"": ""prod"""
awsbackup:job-6771dac7-71a1-e405-caab-21b7ed4fd1c4,aws-ni,us-east-1,2023-02-18 07:06:02.167000+00:00,mysql,20,available,"""env"": ""prod"""
awsbackup:job-67e12d67-ec93-78ed-8a70-fbf5248a075f,aws-ni,us-east-1,2023-03-18 07:05:26.262000+00:00,mysql,20,available,"""env"": ""prod"""
awsbackup:job-686b12d2-46b0-d848-6a90-9bc523680ed5,licensing-prod,us-east-1,2023-05-06 08:38:35.036000+00:00,mysql,200,available,"""env"": ""prod"""
awsbackup:job-6d3b5a92-a5c9-ab93-1038-62a15acc836f,licensing-prod,us-east-1,2023-02-25 06:46:36.147000+00:00,mysql,200,available,"""env"": ""prod"""
awsbackup:job-6e4329db-530d-7472-79b5-45e7347db264,licensing-prod,us-east-1,2023-06-03 08:38:35.639000+00:00,mysql,200,available,"""env"": ""prod"""
awsbackup:job-6e7d94f0-0732-c809-1be4-1bcdb992b333,aws-ni,us-east-1,2023-01-21 07:05:16.263000+00:00,mysql,20,available,"""env"": ""prod"""
awsbackup:job-6f422be1-acc3-b376-b48b-cc1c2bc30a97,aws-ni,us-east-1,2023-05-06 07:21:38.908000+00:00,mysql,20,available,"""env"": ""prod"""
awsbackup:job-6f9b0771-afcd-dc73-dd9d-72593bbdfcab,aws-ni,us-east-1,2023-01-28 07:06:56.699000+00:00,mysql,20,available,"""env"": ""prod"""
awsbackup:job-6fa56af8-05b6-2ca3-460a-0632fc90ae91,licensing-prod,us-east-1,2023-02-04 06:49:34.440000+00:00,mysql,200,available,"""env"": ""prod"""
awsbackup:job-700f9afd-f3fe-0ca9-b065-1af1f9e5f2da,aws-ni,us-east-1,2023-03-29 07:06:11.995000+00:00,mysql,20,available,"""env"": ""prod"""
awsbackup:job-71c44708-97a5-9be2-4c35-54c50f1d9f8b,licensing-prod,us-east-1,2023-04-26 06:46:41.130000+00:00,mysql,200,available,"""env"": ""prod"""
awsbackup:job-730bfd64-a393-2213-5d9e-dfc269fdd803,aws-ci,us-east-1,2023-06-14 07:27:22.805000+00:00,mysql,20,available,"""env"": ""prod"""
awsbackup:job-750c9eea-367e-717b-edff-f36317f935e2,licensing-prod,us-east-1,2023-05-27 08:38:00.756000+00:00,mysql,200,available,"""env"": ""prod"""
awsbackup:job-7c6100f2-d79c-0616-410c-f9869771599d,aws-ci,us-east-1,2023-06-21 07:33:41.834000+00:00,mysql,20,available,"""env"": ""prod"""
awsbackup:job-7d64e93d-8d01-657f-e55c-7a68228edff1,aws-ni,us-east-1,2023-02-01 07:00:25.928000+00:00,mysql,20,available,"""env"": ""prod"""
awsbackup:job-7e9e7f9c-3e5e-39b8-8113-b04c85b831a1,licensing-prod,us-east-1,2023-07-01 08:37:33.187000+00:00,mysql,200,available,"""env"": ""prod"""
awsbackup:job-817f18f9-3d5d-8c70-b37e-fbdccf4582a7,licensing-prod,us-east-1,2023-03-25 06:43:30.971000+00:00,mysql,200,available,"""env"": ""prod"""
awsbackup:job-82985b2d-7d22-a25c-dee6-47c58099ca12,licensing-prod,us-east-1,2023-02-01 06:41:42.868000+00:00,mysql,200,available,"""env"": ""prod"""
awsbackup:job-86b4ee84-de46-dd28-a2b4-70a91a153c8a,licensing-prod,us-east-1,2023-05-17 07:37:57.915000+00:00,mysql,200,available,"""env"": ""prod"""
awsbackup:job-870478d2-9dac-ce8c-6836-5f45eec30cfc,aws-ci,us-east-1,2023-06-24 07:29:22.718000+00:00,mysql,20,available,"""env"": ""prod"""
awsbackup:job-88b38efa-e2ea-60a7-a22e-95b932625041,aws-ci,us-east-1,2023-02-01 07:10:09.420000+00:00,mysql,20,available,"""env"": ""prod"""
awsbackup:job-8a26c0bf-ebe4-bd6d-38a0-f43a4de92c0a,licensing-prod,us-east-1,2023-06-24 08:35:55.442000+00:00,mysql,200,available,"""env"": ""prod"""
awsbackup:job-8f833a10-afe4-3f1d-3590-b485dfb703f5,aws-ni,us-east-1,2023-06-28 07:27:41.369000+00:00,mysql,20,available,"""env"": ""prod"""
awsbackup:job-901ce38a-2fb5-39f3-09a1-1e2f0c9a5849,aws-ci,us-east-1,2023-06-28 07:31:31.563000+00:00,mysql,20,available,"""env"": ""prod"""
awsbackup:job-92f3d31c-7ebf-f94e-4521-58b1f6252a74,aws-ni,us-east-1,2023-07-15 07:26:56.316000+00:00,mysql,20,available,"""env"": ""prod"""
awsbackup:job-936f5f80-5b43-e4aa-be21-8870409bfd19,aws-ci,us-east-1,2023-03-25 07:10:08.436000+00:00,mysql,20,available,"""env"": ""prod"""
awsbackup:job-93824c2b-be82-2b2c-f351-044e00ac451b,licensing-prod-2,us-east-1,2023-02-04 06:41:06.850000+00:00,mysql,200,available,"""env"": ""prod"""
awsbackup:job-95385fe0-5d0f-3138-6fb0-3f5e4da82912,aws-ni,us-east-1,2023-02-22 07:07:30.275000+00:00,mysql,20,available,"""env"": ""prod"""
awsbackup:job-97136259-fca5-96ed-9ea9-5b9107ff62f0,aws-ni,us-east-1,2023-01-25 07:01:12.904000+00:00,mysql,20,available,"""env"": ""prod"""
awsbackup:job-9a026635-1c9a-c037-adcd-cb0e387da051,aws-ci,us-east-1,2023-05-24 07:30:31.072000+00:00,mysql,20,available,"""env"": ""prod"""
awsbackup:job-9b3c907c-f6e4-e410-02db-c5cac6531d2f,licensing-prod,us-east-1,2023-03-18 06:43:57.613000+00:00,mysql,200,available,"""env"": ""prod"""
awsbackup:job-9b486ef8-655b-5677-a441-b6f7d0123dcc,aws-ni,us-east-1,2023-05-20 07:22:45.568000+00:00,mysql,20,available,"""env"": ""prod"""
awsbackup:job-9b7e368a-906c-7d34-c463-747133f77ee1,licensing-prod,us-east-1,2023-01-21 06:45:00.176000+00:00,mysql,200,available,"""env"": ""prod"""
awsbackup:job-9bef1f15-2b3d-3952-7b5b-4c1e2e5ce3c7,licensing-prod,us-east-1,2023-04-15 06:45:48.415000+00:00,mysql,200,available,"""env"": ""prod"""
awsbackup:job-9c32bbe7-c1e8-0f43-4118-598a890c3389,aws-ci,us-east-1,2023-02-08 07:06:05.615000+00:00,mysql,20,available,"""env"": ""prod"""
awsbackup:job-9e17d02a-dce3-e5d5-c72d-2cd248de1339,licensing-prod,us-east-1,2023-03-15 06:42:24.154000+00:00,mysql,200,available,"""env"": ""prod"""
awsbackup:job-9e61dde7-bed3-7bd4-76d7-bacdb272f55c,aws-ci,us-east-1,2023-02-22 07:10:35.837000+00:00,mysql,20,available,"""env"": ""prod"""
awsbackup:job-a3ea9348-8c11-20b1-402b-e579fc447af8,aws-ni,us-east-1,2023-03-15 07:01:35.028000+00:00,mysql,20,available,"""env"": ""prod"""
awsbackup:job-a43d660e-743f-7761-a127-3a60f0734064,licensing-prod,us-east-1,2023-07-05 07:40:43.159000+00:00,mysql,200,available,"""env"": ""prod"""
awsbackup:job-a4c22369-0a2a-f101-e1f8-46c6bef64642,aws-ni,us-east-1,2023-06-17 07:23:05.042000+00:00,mysql,20,available,"""env"": ""prod"""
awsbackup:job-a6137ad1-4a7d-53b3-2f98-7b0f4e9ef011,aws-ni,us-east-1,2023-06-21 07:21:58.222000+00:00,mysql,20,available,"""env"": ""prod"""
awsbackup:job-a84ee053-0062-328a-b8ec-8a98260b3bae,licensing-prod,us-east-1,2023-01-25 06:46:54.870000+00:00,mysql,200,available,"""env"": ""prod"""
awsbackup:job-a85303fa-d162-c79d-de71-bee25a829f64,aws-ni,us-east-1,2023-04-29 07:26:21.009000+00:00,mysql,20,available,"""env"": ""prod"""
awsbackup:job-af68ffe1-edaa-6651-5211-8093bfd63b07,aws-ci,us-east-1,2023-05-27 07:30:55.636000+00:00,mysql,20,available,"""env"": ""prod"""
awsbackup:job-b0845720-b1d9-6be1-b58d-e10eb1335d17,aws-ni,us-east-1,2023-07-12 07:24:10.357000+00:00,mysql,20,available,"""env"": ""prod"""
awsbackup:job-b4be2e00-5872-30b6-eb13-f045043e74a6,aws-ci,us-east-1,2023-07-08 07:34:52.481000+00:00,mysql,20,available,"""env"": ""prod"""
awsbackup:job-bafb23cd-351a-6968-132c-80671cd67155,aws-ni,us-east-1,2023-02-15 07:01:18.415000+00:00,mysql,20,available,"""env"": ""prod"""
awsbackup:job-bf6284e8-eea4-c24e-d016-7c9c7d6783cf,aws-ci,us-east-1,2023-07-05 07:26:56.211000+00:00,mysql,20,available,"""env"": ""prod"""
awsbackup:job-c1d1db87-6a05-9022-f5ef-0d819b356f13,licensing-prod,us-east-1,2023-03-22 06:47:53.813000+00:00,mysql,200,available,"""env"": ""prod"""
awsbackup:job-c4c803b2-c346-3e37-5500-560a7cbf65d9,aws-ni,us-east-1,2023-04-01 07:05:00.960000+00:00,mysql,20,available,"""env"": ""prod"""
awsbackup:job-c4eb0340-cbb6-5f9b-bbf6-5c54953a6078,aws-ci,us-east-1,2023-04-26 07:11:48.246000+00:00,mysql,20,available,"""env"": ""prod"""
awsbackup:job-c578534e-451d-2ada-c594-01c73a4403ff,aws-ni,us-east-1,2023-04-08 07:00:16.694000+00:00,mysql,20,available,"""env"": ""prod"""
awsbackup:job-c661435c-3c2c-412d-5567-2eda792b30aa,aws-ni,us-east-1,2023-03-04 07:04:17.609000+00:00,mysql,20,available,"""env"": ""prod"""
awsbackup:job-c68a30fe-6c4d-6f17-e037-c1b962c40721,aws-ni,us-east-1,2023-06-03 07:38:58.065000+00:00,mysql,20,available,"""env"": ""prod"""
awsbackup:job-ca18559d-f6f0-12e8-5283-c110efdc4e37,aws-ci,us-east-1,2023-07-19 07:30:23.013000+00:00,mysql,20,available,"""env"": ""prod"""
awsbackup:job-cbf99d5d-ec00-60a1-03d2-1506e689244b,aws-ci,us-east-1,2023-03-01 07:07:20.552000+00:00,mysql,20,available,"""env"": ""prod"""
awsbackup:job-cc7942b9-4f2f-0b44-9d1f-62bd64e46d21,aws-ni,us-east-1,2023-04-26 07:05:41.183000+00:00,mysql,20,available,"""env"": ""prod"""
awsbackup:job-cd17af50-6719-efeb-de9f-b60bce8129d0,licensing-prod,us-east-1,2023-07-19 07:41:27.641000+00:00,mysql,200,available,"""env"": ""prod"""
awsbackup:job-cd55a591-7bbd-085f-def4-03f684e49e40,aws-ni,us-east-1,2023-07-19 07:24:49.995000+00:00,mysql,20,available,"""env"": ""prod"""
awsbackup:job-cf0c1949-aed4-2e83-82c8-13a8015f31df,aws-ni,us-east-1,2023-03-01 07:05:51.693000+00:00,mysql,20,available,"""env"": ""prod"""
awsbackup:job-d5a9e109-22de-7423-654b-f8fdc077916f,aws-ni,us-east-1,2023-02-25 07:05:06.898000+00:00,mysql,20,available,"""env"": ""prod"""
awsbackup:job-d8f6e5aa-6206-c7a0-af8c-6305104a1bb8,licensing-prod,us-east-1,2023-02-08 06:41:24.503000+00:00,mysql,200,available,"""env"": ""prod"""
awsbackup:job-d9b7bbca-689c-9cd7-ee97-78bab2b52c39,aws-ni,us-east-1,2023-04-05 07:05:44.892000+00:00,mysql,20,available,"""env"": ""prod"""
awsbackup:job-dbe66f42-2121-433b-eeb2-6d5b1ae14d95,aws-ci,us-east-1,2023-01-25 07:10:56.979000+00:00,mysql,20,available,"""env"": ""prod"""
awsbackup:job-ddf75f7a-6f56-57b3-cba4-83c3ed44dc04,aws-ci,us-east-1,2023-04-01 07:06:06.434000+00:00,mysql,20,available,"""env"": ""prod"""
awsbackup:job-def8caae-9ab2-b92b-9078-5a9798c6078e,aws-ci,us-east-1,2023-02-25 07:07:09.613000+00:00,mysql,20,available,"""env"": ""prod"""
awsbackup:job-df171ca2-cd13-a382-0b0d-4bf85bdea74e,aws-ni,us-east-1,2023-05-10 07:25:07.677000+00:00,mysql,20,available,"""env"": ""prod"""
awsbackup:job-dfdea8e7-682a-1aee-3a67-f06df386be3f,aws-ci,us-east-1,2023-03-15 07:05:09.359000+00:00,mysql,20,available,"""env"": ""prod"""
awsbackup:job-e0be8389-ccb1-d560-5382-67af57075f73,licensing-prod-2,us-east-1,2023-01-21 06:34:16.014000+00:00,mysql,200,available,"""env"": ""prod"""
awsbackup:job-e681a86f-402d-149b-efcb-6fce296df840,licensing-prod,us-east-1,2023-04-29 10:15:39.277000+00:00,mysql,200,available,"""env"": ""prod"""
awsbackup:job-e6a667e7-8679-0f64-01c2-e930292db369,aws-ni,us-east-1,2023-05-27 07:25:19.571000+00:00,mysql,20,available,"""env"": ""prod"""
awsbackup:job-e7f1478c-3424-0abf-fd7b-8b6a6aaa3063,aws-ci,us-east-1,2023-03-08 07:11:38.687000+00:00,mysql,20,available,"""env"": ""prod"""
awsbackup:job-e857d4aa-08eb-6c42-d6c8-5c7d73e5bd85,aws-ci,us-east-1,2023-04-22 07:09:15.344000+00:00,mysql,20,available,"""env"": ""prod"""
awsbackup:job-ed60e6cb-43b3-8880-b79f-b6f5be312f98,aws-ci,us-east-1,2023-06-10 07:30:04.771000+00:00,mysql,20,available,"""env"": ""prod"""
awsbackup:job-edf747af-552f-094a-e098-08521fb517ef,licensing-prod,us-east-1,2023-01-28 06:42:51.887000+00:00,mysql,200,available,"""env"": ""prod"""
awsbackup:job-ee6be45d-e5e8-7f29-86db-da09bbca7d54,licensing-prod,us-east-1,2023-05-31 07:39:35.745000+00:00,mysql,200,available,"""env"": ""prod"""
awsbackup:job-eef761ab-d7fa-1c34-4eb6-1e88ae05b4c7,licensing-prod,us-east-1,2023-07-15 08:35:45.327000+00:00,mysql,200,available,"""env"": ""prod"""
awsbackup:job-efbc6cb6-7f4a-839d-9fd9-1bdc34151c01,aws-ci,us-east-1,2023-04-05 07:10:53.417000+00:00,mysql,20,available,"""env"": ""prod"""
awsbackup:job-f08d94c9-3569-3867-51ce-d7447971b8fe,licensing-prod,us-east-1,2023-06-17 08:34:47.145000+00:00,mysql,200,available,"""env"": ""prod"""
awsbackup:job-f184872d-d2d6-baed-54a7-82fe6a7f1b2e,aws-ci,us-east-1,2023-01-28 07:03:49.967000+00:00,mysql,20,available,"""env"": ""prod"""
awsbackup:job-f54c2da8-b134-c848-05de-9427aea268be,licensing-prod,us-east-1,2023-04-12 06:46:22.873000+00:00,mysql,200,available,"""env"": ""prod"""
awsbackup:job-f8a6da03-ca58-e0cb-449e-74105ed09bc8,aws-ni,us-east-1,2023-05-31 07:24:17.664000+00:00,mysql,20,available,"""env"": ""prod"""
awsbackup:job-f9495377-ab01-5e0b-3d23-7b9e5eccac5a,aws-ci,us-east-1,2023-04-12 07:12:44.098000+00:00,mysql,20,available,"""env"": ""prod"""
awsbackup:job-fc6b4031-8bc6-4f1e-da8a-484bab564a9a,licensing-prod,us-east-1,2023-04-05 06:44:02.094000+00:00,mysql,200,available,"""env"": ""prod"""
awsbackup:job-fdcf2378-a6eb-7063-bf51-80f96636d581,aws-ci,us-east-1,2023-02-04 07:12:15.042000+00:00,mysql,20,available,"""env"": ""prod"""
brent,licensing-test,us-east-1,2020-12-15 22:16:47.320000+00:00,mysql,20,available,
brent-archivedb,licensing-prod,us-east-1,2020-12-18 18:26:43.142000+00:00,mysql,100,available,
brent-basedb-update,licensing-prod,us-east-1,2020-12-17 20:37:38.929000+00:00,mysql,100,available,
brent-beforemigrationsforleek,licensing-prod,us-east-1,2020-12-16 18:25:50.174000+00:00,mysql,100,available,
brent-perpareforleek,licensing-prod,us-east-1,2020-12-16 12:45:55.562000+00:00,mysql,100,available,
brent-removing-custeval,licensing-prod,us-east-1,2021-04-20 13:21:51.438000+00:00,mysql,100,available,
licensing-deployment-pea,licensing-prod,us-east-1,2021-04-05 18:00:50.101000+00:00,mysql,100,available,
licensing-deployment-pea-prod,licensing-prod,us-east-1,2021-04-06 17:45:01.455000+00:00,mysql,100,available,
licensing-prod-2-snapshot,licensing-prod-2,us-east-1,2023-02-10 16:31:21.800000+00:00,mysql,200,available,"""env"": ""prod"""
manual-snapshot-2022-10-31,licensing-prod,us-east-1,2022-10-31 17:07:18.024000+00:00,mysql,200,available,
per-spencer-pre-upgrade,licensing-prod,us-east-1,2020-09-17 20:06:52.074000+00:00,mysql,100,available,
perspencer-preupgrade,licensing-prod,us-east-1,2020-09-16 17:58:47.477000+00:00,mysql,100,available,
rds:aws-ci-2023-07-11-06-58,aws-ci,us-east-1,2023-07-11 06:59:07.333000+00:00,mysql,20,available,"""env"": ""prod"""
rds:aws-ci-2023-07-12-06-59,aws-ci,us-east-1,2023-07-12 06:59:35.086000+00:00,mysql,20,available,"""env"": ""prod"""
rds:aws-ci-2023-07-13-06-58,aws-ci,us-east-1,2023-07-13 06:58:45.861000+00:00,mysql,20,available,"""env"": ""prod"""
rds:aws-ci-2023-07-14-06-58,aws-ci,us-east-1,2023-07-14 06:59:05.569000+00:00,mysql,20,available,"""env"": ""prod"""
rds:aws-ci-2023-07-15-06-59,aws-ci,us-east-1,2023-07-15 06:59:35.109000+00:00,mysql,20,available,"""env"": ""prod"""
rds:aws-ci-2023-07-16-06-59,aws-ci,us-east-1,2023-07-16 06:59:29.408000+00:00,mysql,20,available,"""env"": ""prod"""
rds:aws-ci-2023-07-17-06-59,aws-ci,us-east-1,2023-07-17 06:59:17.262000+00:00,mysql,20,available,"""env"": ""prod"""
rds:aws-ci-2023-07-18-06-58,aws-ci,us-east-1,2023-07-18 06:58:55.662000+00:00,mysql,20,available,"""env"": ""prod"""
rds:aws-ci-2023-07-19-06-59,aws-ci,us-east-1,2023-07-19 06:59:22.434000+00:00,mysql,20,available,"""env"": ""prod"""
rds:aws-ni-2023-07-12-06-56,aws-ni,us-east-1,2023-07-12 06:56:19.252000+00:00,mysql,20,available,"""env"": ""prod"""
rds:aws-ni-2023-07-13-06-56,aws-ni,us-east-1,2023-07-13 06:56:20.189000+00:00,mysql,20,available,"""env"": ""prod"""
rds:aws-ni-2023-07-14-06-56,aws-ni,us-east-1,2023-07-14 06:56:34.556000+00:00,mysql,20,available,"""env"": ""prod"""
rds:aws-ni-2023-07-15-06-56,aws-ni,us-east-1,2023-07-15 06:56:35.292000+00:00,mysql,20,available,"""env"": ""prod"""
rds:aws-ni-2023-07-16-06-55,aws-ni,us-east-1,2023-07-16 06:55:45.404000+00:00,mysql,20,available,"""env"": ""prod"""
rds:aws-ni-2023-07-17-06-56,aws-ni,us-east-1,2023-07-17 06:56:20.068000+00:00,mysql,20,available,"""env"": ""prod"""
rds:aws-ni-2023-07-18-06-55,aws-ni,us-east-1,2023-07-18 06:55:49.517000+00:00,mysql,20,available,"""env"": ""prod"""
rds:aws-ni-2023-07-19-06-57,aws-ni,us-east-1,2023-07-19 06:57:59.120000+00:00,mysql,20,available,"""env"": ""prod"""
rds:licensing-prod-2023-07-04-09-51,licensing-prod,us-east-1,2023-07-04 09:51:58.541000+00:00,mysql,200,available,"""env"": ""prod"""
rds:licensing-prod-2023-07-05-09-51,licensing-prod,us-east-1,2023-07-05 09:51:47.772000+00:00,mysql,200,available,"""env"": ""prod"""
rds:licensing-prod-2023-07-06-09-51,licensing-prod,us-east-1,2023-07-06 09:51:50.502000+00:00,mysql,200,available,"""env"": ""prod"""
rds:licensing-prod-2023-07-07-09-51,licensing-prod,us-east-1,2023-07-07 09:52:09.425000+00:00,mysql,200,available,"""env"": ""prod"""
rds:licensing-prod-2023-07-08-09-52,licensing-prod,us-east-1,2023-07-08 09:53:01.057000+00:00,mysql,200,available,"""env"": ""prod"""
rds:licensing-prod-2023-07-09-09-53,licensing-prod,us-east-1,2023-07-09 09:53:43.222000+00:00,mysql,200,available,"""env"": ""prod"""
rds:licensing-prod-2023-07-10-09-51,licensing-prod,us-east-1,2023-07-10 09:52:04.970000+00:00,mysql,200,available,"""env"": ""prod"""
rds:licensing-prod-2023-07-11-09-51,licensing-prod,us-east-1,2023-07-11 09:51:59.958000+00:00,mysql,200,available,"""env"": ""prod"""
rds:licensing-prod-2023-07-12-09-51,licensing-prod,us-east-1,2023-07-12 09:52:03.008000+00:00,mysql,200,available,"""env"": ""prod"""
rds:licensing-prod-2023-07-13-09-51,licensing-prod,us-east-1,2023-07-13 09:52:06.042000+00:00,mysql,200,available,"""env"": ""prod"""
rds:licensing-prod-2023-07-14-09-52,licensing-prod,us-east-1,2023-07-14 09:52:52.615000+00:00,mysql,200,available,"""env"": ""prod"""
rds:licensing-prod-2023-07-15-09-51,licensing-prod,us-east-1,2023-07-15 09:52:04.120000+00:00,mysql,200,available,"""env"": ""prod"""
rds:licensing-prod-2023-07-16-09-51,licensing-prod,us-east-1,2023-07-16 09:51:49.011000+00:00,mysql,200,available,"""env"": ""prod"""
rds:licensing-prod-2023-07-17-09-51,licensing-prod,us-east-1,2023-07-17 09:52:02.426000+00:00,mysql,200,available,"""env"": ""prod"""
rds:licensing-prod-2023-07-18-09-52,licensing-prod,us-east-1,2023-07-18 09:52:19.098000+00:00,mysql,200,available,"""env"": ""prod"""
rds:licensing-prod-2023-07-19-09-51,licensing-prod,us-east-1,2023-07-19 09:51:36.832000+00:00,mysql,200,available,"""env"": ""prod"""
rds:licensing-test-2023-07-12-07-01,licensing-test,us-east-1,2023-07-12 07:01:55.722000+00:00,mysql,20,available,
rds:licensing-test-2023-07-13-07-01,licensing-test,us-east-1,2023-07-13 07:02:07.893000+00:00,mysql,20,available,
rds:licensing-test-2023-07-14-07-01,licensing-test,us-east-1,2023-07-14 07:02:25.486000+00:00,mysql,20,available,
rds:licensing-test-2023-07-15-07-01,licensing-test,us-east-1,2023-07-15 07:01:55.998000+00:00,mysql,20,available,
rds:licensing-test-2023-07-16-07-01,licensing-test,us-east-1,2023-07-16 07:02:09.814000+00:00,mysql,20,available,
rds:licensing-test-2023-07-17-07-01,licensing-test,us-east-1,2023-07-17 07:01:54.425000+00:00,mysql,20,available,
rds:licensing-test-2023-07-18-07-01,licensing-test,us-east-1,2023-07-18 07:01:34.205000+00:00,mysql,20,available,
rds:licensing-test-2023-07-19-07-01,licensing-test,us-east-1,2023-07-19 07:02:07.220000+00:00,mysql,20,available,
rds:staging-2023-07-12-04-53,staging,us-east-1,2023-07-12 04:53:58.448000+00:00,mysql,20,available,
rds:staging-2023-07-13-04-54,staging,us-east-1,2023-07-13 04:54:25.906000+00:00,mysql,20,available,
rds:staging-2023-07-14-04-54,staging,us-east-1,2023-07-14 04:54:21.441000+00:00,mysql,20,available,
rds:staging-2023-07-15-04-53,staging,us-east-1,2023-07-15 04:53:38.377000+00:00,mysql,20,available,
rds:staging-2023-07-16-04-54,staging,us-east-1,2023-07-16 04:55:09.997000+00:00,mysql,20,available,
rds:staging-2023-07-17-04-54,staging,us-east-1,2023-07-17 04:55:29.928000+00:00,mysql,20,available,
rds:staging-2023-07-18-04-53,staging,us-east-1,2023-07-18 04:54:09.900000+00:00,mysql,20,available,
rds:staging-2023-07-19-04-53,staging,us-east-1,2023-07-19 04:54:10.970000+00:00,mysql,20,available,
snapshot-2022-03-11,aws-ni,us-east-1,2022-03-10 22:23:55.311000+00:00,mysql,20,available,
snapshot-2022-03-11-licensing-test,licensing-test,us-east-1,2022-03-10 22:25:11.789000+00:00,mysql,20,available,
snapshot-2022-03-11-staging,staging,us-east-1,2022-03-10 22:24:46.439000+00:00,mysql,20,available,
v2-migration,licensing-prod,us-east-1,2021-03-02 18:04:41.010000+00:00,mysql,100,available,
